{"cameraMode":{"drawMode":0,"name":"Shaded","section":"Shading Mode"},"sceneLighting":true,"audioPlay":false,"sceneViewState":{"m_AlwaysRefresh":false,"showFog":true,"showSkybox":true,"showFlares":true,"showImageEffects":true,"showParticleSystems":true,"showVisualEffectGraphs":true,"m_FxEnabled":true},"in2DMode":false,"pivot":{"x":-2.7624664306640627,"y":1.8315790891647339,"z":33.63064956665039},"rotation":{"x":-0.07807089388370514,"y":0.37358784675598147,"z":-0.03157629072666168,"w":-0.9238275289535523},"size":3.3543500900268556,"orthographic":false}