{"cameraMode":{"drawMode":0,"name":"Shaded","section":"Shading Mode"},"sceneLighting":true,"audioPlay":false,"sceneViewState":{"m_AlwaysRefresh":false,"showFog":true,"showSkybox":true,"showFlares":true,"showImageEffects":true,"showParticleSystems":true,"showVisualEffectGraphs":true,"m_FxEnabled":true},"in2DMode":false,"pivot":{"x":-2.2109789848327638,"y":-12.454084396362305,"z":19.889297485351564},"rotation":{"x":-0.008771184831857682,"y":0.9599460959434509,"z":-0.2784391939640045,"w":-0.03026287816464901},"size":18.292213439941408,"orthographic":false}