{"cameraMode":{"drawMode":0,"name":"Shaded","section":"Shading Mode"},"sceneLighting":true,"audioPlay":false,"sceneViewState":{"m_AlwaysRefresh":false,"showFog":true,"showSkybox":true,"showFlares":true,"showImageEffects":true,"showParticleSystems":true,"showVisualEffectGraphs":true,"m_FxEnabled":true},"in2DMode":false,"pivot":{"x":-0.7234076261520386,"y":1.3727006912231446,"z":32.212806701660159},"rotation":{"x":-0.12015433609485626,"y":-0.21242764592170716,"z":0.026321185752749444,"w":-0.9694575667381287},"size":2.0436339378356935,"orthographic":false}